, whereis
Poitier, whereis
Poitier, whereis
dim, dim
Poitier, whereis
dim, dim
bright, bright
Poitier, whereis
dim, dim
bright, bright
history, history
, whereis
, whereis
Poitier, whereis
Poitier, whereis
the prize is still mine, play music
YES, WHEREIS
NO, none
Poitier, WHEREIS
TWO, none
TWO, none
TWO, none
TWO, none
TWO, none
THREE, none
TWO, none
TWO, none
THREE, none
TWO, none
TWO, none
TWO, none
THREE, none
TWO, none
MALIK, none
q, none
Poitier, WHEREIS
Poitier, WHEREIS
BRIGHT, BRIGHT
Poitier, WHEREIS
BRIGHT, BRIGHT
DIM, DIM
Poitier, WHEREIS
BRIGHT, BRIGHT
DIM, DIM
QUIT, QUIT
Poitier, WHEREIS
BRIGHT, BRIGHT
DIM, DIM
QUIT, QUIT
QUIT, QUIT
Poitier, WHEREIS
BRIGHT, BRIGHT
DIM, DIM
QUIT, QUIT
QUIT, QUIT
QUIT, QUIT
Poitier, WHEREIS
BRIGHT, BRIGHT
DIM, DIM
QUIT, QUIT
QUIT, QUIT
QUIT, QUIT
QUIT, QUIT
Poitier, WHEREIS
Poitier, WHEREIS
BRIGHT, BRIGHT
Poitier, WHEREIS
BRIGHT, BRIGHT
DIM, DIM
HISTORY, HISTORY
SEARCHTHEWEB, SEARCHTHEWEB
SEARCHTHEWEB, SEARCHTHEWEB
WEATHER, WEATHER
SEARCHTHEWEB, SEARCHTHEWEB
WEATHER, WEATHER
QUIT, QUIT
SEARCHTHEWEB, SEARCHTHEWEB
WEATHER, WEATHER
QUIT, QUIT
QUIT, QUIT
Poitier, WHEREIS
Poitier, WHEREIS
BRIGHT, BRIGHT
Poitier, WHEREIS
BRIGHT, BRIGHT
DIM, DIM
Poitier, WHEREIS
BRIGHT, BRIGHT
DIM, DIM
HISTORY, HISTORY
HISTORY, HISTORY
HISTORY, HISTORY
HISTORY, HISTORY
HISTORY, HISTORY
HISTORY, HISTORY
HISTORY, HISTORY
HISTORY, HISTORY
HISTORY, HISTORY
HISTORY, HISTORY
HISTORY, HISTORY
Poitier, WHEREIS
Poitier, WHEREIS
Poitier, WHEREIS
BRIGHT, BRIGHT
Poitier, WHEREIS
BRIGHT, BRIGHT
DIM, DIM
Poitier, WHEREIS
BRIGHT, BRIGHT
DIM, DIM
HISTORY, HISTORY
Poitier, WHEREIS
BRIGHT, BRIGHT
DIM, DIM
HISTORY, HISTORY
the prize is still mine, PLAYMUSIC
Poitier, WHEREIS
BRIGHT, BRIGHT
DIM, DIM
HISTORY, HISTORY
the prize is still mine, PLAYMUSIC
am, SETALARM
Poitier, WHEREIS
BRIGHT, BRIGHT
DIM, DIM
HISTORY, HISTORY
the prize is still mine, PLAYMUSIC
am, SETALARM
2, SENDEMAIL
2, SENDEMAIL
12094908409, SENDSMS
WEATHER, WEATHER
TEN PLAYMUSIC THREE WHEREIS, none
POITIER, none
PLAYMUSIC EIGHT WHOIS, none
PLAYMUSIC EIGHT WHOIS, none
THEPRIZEISSTILLMINE THREE, PLAYMUSIC
SENDSMS, SENDSMS
Poitier, WHEREIS
Poitier, WHEREIS
WEATHER, WEATHER
2, SENDEMAIL
2, SENDEMAIL
2, SENDEMAIL
2, SENDEMAIL
2, SENDEMAIL
2, SENDEMAIL
2, SENDEMAIL
2, SENDEMAIL
2, SENDEMAIL
2, SENDEMAIL
2, SENDEMAIL
2, SENDEMAIL
2, SENDEMAIL
2, SENDEMAIL
WEATHER, WEATHER
